{"count":1,"self":243.92281599999998,"total":540.848564,"children":{"InitializeActuators":{"count":1,"self":0.002534,"total":0.002534,"children":null},"InitializeSensors":{"count":1,"self":0.005312,"total":0.005312,"children":null},"AgentSendState":{"count":482485,"self":0.753458,"total":101.38632199999999,"children":{"CollectObservations":{"count":97459,"self":0.069807,"total":0.069807,"children":null},"WriteActionMask":{"count":97459,"self":0.089065999999999992,"total":0.089065999999999992,"children":null},"RequestDecision":{"count":97459,"self":0.21964399999999998,"total":100.473991,"children":{"AgentInfo.ToProto":{"count":97459,"self":0.434075,"total":100.254347,"children":{"GenerateSensorData":{"count":97459,"self":1.561831,"total":99.820271999999989,"children":{"CameraSensor.GetCompressedObservation":{"count":97459,"self":98.258438399999989,"total":98.258440999999991,"children":null}}}}}}}}},"DecideAction":{"count":482485,"self":192.4042752,"total":192.40427499999998,"children":null},"AgentAct":{"count":482485,"self":1.920451,"total":3.1252329999999997,"children":{"AgentInfo.ToProto":{"count":1203,"self":0.0074199999999999995,"total":1.204782,"children":{"GenerateSensorData":{"count":1203,"self":0.017082,"total":1.197362,"children":{"CameraSensor.GetCompressedObservation":{"count":1203,"self":1.18028,"total":1.18028,"children":null}}}}}}}},"gauges":{"RecipeRecall.CumulativeReward":{"count":1203,"max":4.50841951,"min":-0.456531674,"runningAverage":0.368171573,"value":0,"weightedAverage":0.05848551}},"metadata":{"timer_format_version":"0.1.0","start_time_seconds":"1699215069","unity_version":"2022.3.0f1","command_line_arguments":"\/h\/andrei\/memory_bench\/Builds\/RecipeRecall\/standard\/linux\/pixel_input\/single_agent\/gamefile.x86_64 --mlagents-port 5005","communication_protocol_version":"1.5.0","com.unity.ml-agents_version":"2.3.0-exp.3","scene_name":"RecipeRecall","end_time_seconds":"1699215609"}}