{"count":1,"self":0.9796748,"total":1302.418445,"children":{"InitializeActuators":{"count":24,"self":0.0010023,"total":0.0010023,"children":null},"InitializeSensors":{"count":24,"self":0.0025115999999999997,"total":0.0025115999999999997,"children":null},"AgentSendState":{"count":1767,"self":0.0213217,"total":4.1911211999999995,"children":{"CollectObservations":{"count":8520,"self":0.0044513999999999995,"total":0.0044513999999999995,"children":null},"WriteActionMask":{"count":8520,"self":0.0031573,"total":0.0031573,"children":null},"RequestDecision":{"count":8520,"self":0.0085180999999999989,"total":4.1621907999999994,"children":{"AgentInfo.ToProto":{"count":8520,"self":0.014798299999999999,"total":4.1536726999999996,"children":{"GenerateSensorData":{"count":8520,"self":0.08652739999999999,"total":4.1388744,"children":{"CameraSensor.GetCompressedObservation":{"count":8520,"self":4.0523472,"total":4.052347,"children":null}}}}}}}}},"DecideAction":{"count":1767,"self":1297.1794432,"total":1297.1794760999999,"children":null},"AgentAct":{"count":1767,"self":0.025133799999999998,"total":0.0626535,"children":{"AgentInfo.ToProto":{"count":72,"self":0,"total":0.037519699999999996,"children":{"GenerateSensorData":{"count":72,"self":0,"total":0.037519699999999996,"children":{"CameraSensor.GetCompressedObservation":{"count":72,"self":0.037519699999999996,"total":0.037519699999999996,"children":null}}}}}}}},"gauges":{"AllergicAgent.CumulativeReward":{"count":72,"max":0,"min":0,"runningAverage":0,"value":0,"weightedAverage":0}},"metadata":{"timer_format_version":"0.1.0","start_time_seconds":"1695415234","unity_version":"2022.3.0f1","command_line_arguments":"C:\\Users\\georg\\Documents\\andreis_shit\\memory_bench\/Builds\/AllergicRobot\/standard\/windows\/pixel_input\/multi_agent\/memory_palace_2.exe --mlagents-port 5007","communication_protocol_version":"1.5.0","com.unity.ml-agents_version":"2.3.0-exp.3","scene_name":"AllergicRobot","end_time_seconds":"1695416537"}}