{"count":1,"self":2075.1247359999998,"total":3912.2907619999996,"children":{"InitializeActuators":{"count":1,"self":0.002583,"total":0.002583,"children":null},"InitializeSensors":{"count":1,"self":0.005307,"total":0.005307,"children":null},"AgentSendState":{"count":5735682,"self":6.967116,"total":597.987565,"children":{"CollectObservations":{"count":574570,"self":0.418454,"total":0.418454,"children":null},"WriteActionMask":{"count":574570,"self":0.55057899999999993,"total":0.55057899999999993,"children":null},"RequestDecision":{"count":574570,"self":1.367589,"total":590.051416,"children":{"AgentInfo.ToProto":{"count":574570,"self":3.078163,"total":588.683827,"children":{"GenerateSensorData":{"count":574570,"self":10.260686399999999,"total":585.60566399999993,"children":{"CameraSensor.GetCompressedObservation":{"count":574570,"self":575.3449984,"total":575.344978,"children":null}}}}}}}}},"DecideAction":{"count":5735682,"self":1219.1237119999998,"total":1219.1237449999999,"children":null},"AgentAct":{"count":5735682,"self":18.839035199999998,"total":19.861981999999998,"children":{"AgentInfo.ToProto":{"count":1016,"self":0.0050139999999999994,"total":1.022947,"children":{"GenerateSensorData":{"count":1016,"self":0.017887,"total":1.017933,"children":{"CameraSensor.GetCompressedObservation":{"count":1016,"self":1.000046,"total":1.000046,"children":null}}}}}}},"AgentInfo.ToProto":{"count":184,"self":0.000759,"total":0.180471,"children":{"GenerateSensorData":{"count":184,"self":0.005379,"total":0.17971199999999998,"children":{"CameraSensor.GetCompressedObservation":{"count":184,"self":0.174333,"total":0.174333,"children":null}}}}}},"gauges":{"HallwayVisual.CumulativeReward":{"count":1200,"max":4.78379726,"min":-1.10015726,"runningAverage":-0.588901639,"value":-1.00014126,"weightedAverage":-0.9928526}},"metadata":{"timer_format_version":"0.1.0","start_time_seconds":"1699218142","unity_version":"2022.3.0f1","command_line_arguments":"\/h\/andrei\/memory_bench\/Builds\/Hallway\/standard\/linux\/pixel_input\/single_agent\/gamefile.x86_64 --mlagents-port 5008","communication_protocol_version":"1.5.0","com.unity.ml-agents_version":"2.3.0-exp.3","scene_name":"HallwayVisual","end_time_seconds":"1699222054"}}